# DATABSE =================================================================================================================================
# Creating Databse
DROP DATABASE IF EXISTS webshopdb;
create database webshopdb;
use webshopdb;

# Granting user access
GRANT ALL on webshopdb.* to nobody@localhost identified by 'kukucs';
# =========================================================================================================================================
# ITEM TABLE ==============================================================================================================================
# Creating item table
CREATE TABLE item (
itemId INTEGER NOT NULL auto_increment,
categoryId INTEGER NOT NULL,
customerId INTEGER NOT NULL,
title varchar(25) NOT NULL,
price decimal(10,2) NOT NULL,
description varchar(75) NOT NULL,
image varchar(255) NOT NULL,
`condition` varchar(25) NOT NULL,
location varchar (55) NOT NULL,
datePosted timestamp,
PRIMARY KEY (itemId)
);

INSERT INTO item (categoryId, customerId, title, price, description, image, `condition`, location) VALUES
(1, 1001, "Dell notebook", 150,
"I have just bought a desktop PC so I do not need this any longer.", 
"https://i0.wp.com/cdn.mos.cms.futurecdn.net/zM9p9D2RUQebhKR3CieqZA.jpg",
"used", "Hameenlinna"),

(2, 1002, "Grey Sofa", 69.99, 
"Granny's old sofa. She got bored after 34 years...", 
"https://moderntovintage.com/wp-content/uploads/2017/08/Photo-Aug-01-2-08-05-PM-300x225.jpg",
"used", "Hameenlinna"),

(3, 1003, "Running shoes", 250, 
"Brand new running shoe. Ideal for longer distances.", 
"http://4.bp.blogspot.com/-PKLvGmPzWn8/Tz3iUwonF2I/AAAAAAAAAIo/6T3zlIBhJ3o/s400/adidas+running+shoes.jpg",
"new", "Hameenlinna");

DESCRIBE item;
SELECT * from item;

/* FOR JAVA
SELECT * FROM item WHERE id = 3;
UPDATE item SET description = 'new description' WHERE id = 3;
UPDATE item SET name = ?, price = ?, description = ?, category = ? WHERE id = ?;
DELETE FROM item WHERE id=1;
DELETE FROM item WHERE id=3;
DELETE FROM item WHERE id=1 LIMIT ROW_COUNT;
SELECT ROW_COUNT(); #Checks deleted rows
DELETE FROM item WHERE id=1 LIMIT ROW_COUNT;
DELETE FROM item WHERE id=15 LIMIT ROW_COUNT;
SELECT ROW_COUNT(); #Checks deleted rows
INSERT INTO item (categoryId, customerId, title, price, description, image, `condition`) VALUES
(3,3,"dd", 4,"d","d","d");
UPDATE item SET categoryId = 111, customerId = 111, title = "newtitle", price = 111, description = "new descr", image = "https://images.wallpapersden.com/image/wxl-steven-seagal-brunette-face_53269.jpg", `condition` = "updated condition" WHERE itemId = 1;
*/
# ============================================================================================================================================
# REGION TABLE ===============================================================================================================================
CREATE TABLE region( # let's keep it as manual value(no auto_incr.)
regionId INT NOT NULL, 
regionName VARCHAR(55) NOT NULL);

INSERT INTO region (regionId, regionName) VALUES
(1,"Åland"),
(2,"Varsinais-Suomi"),
(3,"Uusimaa"),
(4,"Satakunta"),
(5,"Päijät-Häme"),
(5,"Päijät-Häme"),
(6,"Pohjois-Savo"),
(7,"Pohjois-Pohjanmaa"),
(8,"Pohjois-Karjala"),
(9,"Pohjanmaa"),
(10,"Pirkanmaa"),
(11,"Lappi"),
(12,"Kymenlaakso"),
(13,"Keski-Suomi"),
(14,"Keski-Pohjanmaa"),
(15,"Kanta-Häme"),
(16,"Kainuu"),
(17,"Etelä-Savo"),
(18,"Etelä-Pohjanmaa"),
(19,"Etelä-Karjala");

SELECT * FROM region;

# ============================================================================================================================================
# CITY TABLE =================================================================================================================================
CREATE TABLE city(
cityId INT NOT NULL AUTO_INCREMENT,
regionId INT NOT NULL,
cityName VARCHAR(55) NOT NULL,
regionName VARCHAR(55) NOT NULL, 
latitude INT NOT NULL,
longitude INT NOT NULL,
PRIMARY KEY (cityId));

INSERT INTO city(regionId, cityName, regionName, latitude, longitude)VALUES
(1,"Mariehamn","Åland",60.0986,19.9444),
(1,"Jomala","Åland",60.15,19.95),
(1,"Lemland","Åland",60.0806,20.1),
(1,"Hammarland","Åland",60.2167,19.7403),
(1,"Eckerö","Åland",60.2167,19.55),
(1,"Brändö","Åland",60.4117,21.0453),
(1,"Geta","Åland",60.375,19.85),
(1,"Vårdö","Åland",60.2417,20.375),
(1,"Lumparland","Åland",60.1167,20.2583),
(1,"Kumlinge","Åland",60.2583,20.7783),
(1,"Sottunga","Åland",60.1333,20.6667),
(1,"Godby","Åland",60.23,19.9881),
(1,"Ödkarby","Åland",60.3073,19.9862),
(1,"Björby","Åland",60.2572,20.1342),
(1,"Föglö","Åland",60,20.4333),
(1,"Karlby","Åland",59.9167,20.9),
(1,"Åva","Åland",60.4667,21.0833),
(2,"Turku","Varsinais-Suomi",60.4517,22.27),
(2,"Salo","Varsinais-Suomi",60.3831,23.1331),
(2,"Kaarina","Varsinais-Suomi",60.4069,22.3722),
(2,"Raisio","Varsinais-Suomi",60.4861,22.1694),
(2,"Lieto","Varsinais-Suomi",60.5,22.4497),
(2,"Naantali","Varsinais-Suomi",60.4681,22.0264),
(2,"Loimaa","Varsinais-Suomi",60.8514,23.0583),
(2,"Uusikaupunki","Varsinais-Suomi",60.7833,21.4167),
(2,"Pargas","Varsinais-Suomi",60.3,22.3),
(2,"Paimio","Varsinais-Suomi",60.4569,22.6861),
(2,"Masku","Varsinais-Suomi",60.5708,22.1),
(2,"Somero","Varsinais-Suomi",60.6292,23.5139),
(2,"Laitila","Varsinais-Suomi",60.8792,21.6931),
(2,"Mynämäki","Varsinais-Suomi",60.6833,21.9833),
(2,"Rusko","Varsinais-Suomi",60.5417,22.2222),
(2,"Nousiainen","Varsinais-Suomi",60.6,22.0833),
(2,"Aura","Varsinais-Suomi",60.6472,22.5903),
(2,"Kimito","Varsinais-Suomi",60.1639,22.7278),
(2,"Sauvo","Varsinais-Suomi",60.3417,22.6917),
(2,"Koski Tl","Varsinais-Suomi",60.6542,23.1403),
(2,"Pyhäranta","Varsinais-Suomi",60.95,21.4417),
(2,"Marttila","Varsinais-Suomi",60.5833,22.9),
(2,"Tarvasjoki","Varsinais-Suomi",60.5833,22.7333),
(2,"Taivassalo","Varsinais-Suomi",60.5617,21.6083),
(2,"Oripää","Varsinais-Suomi",60.8556,22.6972),
(2,"Kustavi","Varsinais-Suomi",60.5467,21.3583),
(2,"Kyrö","Varsinais-Suomi",60.7,22.75),
(2,"Vinkkilä","Varsinais-Suomi",60.6833,21.7167),
(2,"Dalsbruk","Varsinais-Suomi",60.0333,22.5167),
(3,"Helsinki","Uusimaa",60.1756,24.9342),
(3,"Espoo","Uusimaa",60.21,24.66),
(3,"Vantaa","Uusimaa",60.3,25.0333),
(3,"Porvoo","Uusimaa",60.3931,25.6639),
(3,"Lohja","Uusimaa",60.25,24.0667),
(3,"Hyvinkää","Uusimaa",60.6306,24.8597),
(3,"Nurmijärvi","Uusimaa",60.4667,24.8083),
(3,"Järvenpää","Uusimaa",60.4722,25.0889),
(3,"Kirkkonummi","Uusimaa",60.1167,24.4167),
(3,"Tuusula","Uusimaa",60.4028,25.0292),
(3,"Kerava","Uusimaa",60.4028,25.1),
(3,"Vihti","Uusimaa",60.4167,24.3331),
(3,"Raseborg","Uusimaa",59.975,23.4361),
(3,"Mäntsälä","Uusimaa",60.6331,25.3167),
(3,"Sipoo","Uusimaa",60.3764,25.2722),
(3,"Loviisa","Uusimaa",60.4569,26.225),
(3,"Kauniainen","Uusimaa",60.2097,24.7264),
(3,"Karkkila","Uusimaa",60.5347,24.2097),
(3,"Hanko","Uusimaa",59.8236,22.9681),
(3,"Siuntio","Uusimaa",60.1333,24.2167),
(3,"Ingå","Uusimaa",60.0458,24.0056),
(3,"Pornainen","Uusimaa",60.475,25.375),
(3,"Askola","Uusimaa",60.5278,25.6),
(3,"Lappträsk","Uusimaa",60.6167,26.2),
(3,"Pukkila","Uusimaa",60.645,25.5833),
(3,"Myrskylä","Uusimaa",60.6667,25.85),
(3,"Nummela","Uusimaa",60.3333,24.3333),
(4,"Pori","Satakunta",61.4847,21.7972),
(4,"Rauma","Satakunta",61.1167,21.5),
(4,"Ulvila","Satakunta",61.4292,21.875),
(4,"Eura","Satakunta",61.1333,22.0833),
(4,"Kankaanpää","Satakunta",61.8042,22.3944),
(4,"Huittinen","Satakunta",61.1764,22.6986),
(4,"Kokemäki","Satakunta",61.2556,22.3486),
(4,"Harjavalta","Satakunta",61.3139,22.1417),
(4,"Säkylä","Satakunta",61.05,22.35),
(4,"Eurajoki","Satakunta",61.2,21.7333),
(4,"Nakkila","Satakunta",61.3653,22.0042),
(4,"Luvia","Satakunta",61.3611,21.625),
(4,"Merikarvia","Satakunta",61.8583,21.5),
(4,"Köyliö","Satakunta",61.1167,22.3083),
(4,"Karvia","Satakunta",62.1333,22.5583),
(4,"Pomarkku","Satakunta",61.6917,22.0083),
(4,"Jämijärvi","Satakunta",61.8167,22.6917),
(4,"Lavia","Satakunta",61.5958,22.5861),
(4,"Honkajoki","Satakunta",61.9931,22.2639),
(4,"Siikainen","Satakunta",61.8833,21.8167),
(5,"Lahti","Päijät-Häme",60.9804,25.655),
(5,"Hollola","Päijät-Häme",60.9886,25.5128),
(5,"Heinola","Päijät-Häme",61.2028,26.0319),
(5,"Orimattila","Päijät-Häme",60.8042,25.7333),
(5,"Nastola","Päijät-Häme",60.9477,25.9301),
(5,"Sysmä","Päijät-Häme",61.5028,25.6847),
(5,"Padasjoki","Päijät-Häme",61.35,25.275),
(5,"Hartola","Päijät-Häme",61.5784,26.0142),
(5,"Hämeenkoski","Päijät-Häme",61.025,25.15),
(5,"Järvelä","Päijät-Häme",60.868,25.273),
(5,"Vääksy","Päijät-Häme",61.1722,25.5472),
(6,"Kuopio","Pohjois-Savo",62.8925,27.6783),
(6,"Iisalmi","Pohjois-Savo",63.5611,27.1889),
(6,"Siilinjärvi","Pohjois-Savo",63.075,27.66),
(6,"Varkaus","Pohjois-Savo",62.3167,27.8833),
(6,"Lapinlahti","Pohjois-Savo",63.3667,27.3833),
(6,"Leppävirta","Pohjois-Savo",62.4917,27.7875),
(6,"Kiuruvesi","Pohjois-Savo",63.6528,26.6194),
(6,"Suonenjoki","Pohjois-Savo",62.625,27.1222),
(6,"Juankoski","Pohjois-Savo",63.0639,28.3278),
(6,"Pielavesi","Pohjois-Savo",63.2333,26.7583),
(6,"Sonkajärvi","Pohjois-Savo",63.6667,27.5167),
(6,"Maaninka","Pohjois-Savo",63.1583,27.3),
(6,"Vieremä","Pohjois-Savo",63.7431,27.0014),
(6,"Rautalampi","Pohjois-Savo",62.6217,26.8333),
(6,"Kaavi","Pohjois-Savo",62.975,28.4833),
(6,"Tuusniemi","Pohjois-Savo",62.8083,28.4917),
(6,"Keitele","Pohjois-Savo",63.1783,26.35),
(6,"Vesanto","Pohjois-Savo",62.9333,26.4167),
(6,"Rautavaara","Pohjois-Savo",63.4944,28.2986),
(6,"Tervo","Pohjois-Savo",62.9556,26.7556),
(7,"Oulu","Pohjois-Pohjanmaa",65.0142,25.4719),
(7,"Raahe","Pohjois-Pohjanmaa",64.6847,24.4792),
(7,"Kempele","Pohjois-Pohjanmaa",64.9125,25.5083),
(7,"Kuusamo","Pohjois-Pohjanmaa",65.9667,29.1667),
(7,"Ylivieska","Pohjois-Pohjanmaa",64.0722,24.5375),
(7,"Kalajoki","Pohjois-Pohjanmaa",64.2597,23.9486),
(7,"Nivala","Pohjois-Pohjanmaa",63.9292,24.9778),
(7,"Ii","Pohjois-Pohjanmaa",65.3167,25.3722),
(7,"Liminka","Pohjois-Pohjanmaa",64.8083,25.4167),
(7,"Muhos","Pohjois-Pohjanmaa",64.8,26),
(7,"Pudasjärvi","Pohjois-Pohjanmaa",65.3583,27),
(7,"Oulainen","Pohjois-Pohjanmaa",64.2667,24.8167),
(7,"Haapajärvi","Pohjois-Pohjanmaa",63.7486,25.3181),
(7,"Haapavesi","Pohjois-Pohjanmaa",64.1375,25.3667),
(7,"Tyrnävä","Pohjois-Pohjanmaa",64.75,25.65),
(7,"Sievi","Pohjois-Pohjanmaa",63.9069,24.5167),
(7,"Ruukki","Pohjois-Pohjanmaa",64.6639,25.1014),
(7,"Taivalkoski","Pohjois-Pohjanmaa",65.575,28.2417),
(7,"Pyhäjoki","Pohjois-Pohjanmaa",64.4667,24.2583),
(7,"Reisjärvi","Pohjois-Pohjanmaa",63.6056,24.9319),
(7,"Utajärvi","Pohjois-Pohjanmaa",64.75,26.4167),
(7,"Alavieska","Pohjois-Pohjanmaa",64.1667,24.3083),
(7,"Kärsämäki","Pohjois-Pohjanmaa",63.975,25.7583),
(7,"Lumijoki","Pohjois-Pohjanmaa",64.8367,25.1867),
(7,"Pulkkila","Pohjois-Pohjanmaa",64.2667,25.8667),
(7,"Pyhäntä","Pohjois-Pohjanmaa",64.0972,26.3306),
(7,"Merijärvi","Pohjois-Pohjanmaa",64.2967,24.4467),
(7,"Hailuoto","Pohjois-Pohjanmaa",65.0167,24.7167),
(7,"Pyhäsalmi","Pohjois-Pohjanmaa",63.6833,25.9833),
(8,"Joensuu","Pohjois-Karjala",62.6,29.7639),
(8,"Kontiolahti","Pohjois-Karjala",62.7667,29.85),
(8,"Liperi","Pohjois-Karjala",62.5333,29.3833),
(8,"Lieksa","Pohjois-Karjala",63.3167,30.0167),
(8,"Kitee","Pohjois-Karjala",62.0986,30.1375),
(8,"Nurmes","Pohjois-Karjala",63.5444,29.1333),
(8,"Outokumpu","Pohjois-Karjala",62.725,29.0167),
(8,"Ilomantsi","Pohjois-Karjala",62.6667,30.9333),
(8,"Juuka","Pohjois-Karjala",63.2417,29.25),
(8,"Tohmajärvi","Pohjois-Karjala",62.2264,30.3319),
(8,"Polvijärvi","Pohjois-Karjala",62.855,29.3667),
(8,"Rääkkylä","Pohjois-Karjala",62.3133,29.625),
(8,"Valtimo","Pohjois-Karjala",63.68,28.8167),
(9,"Vaasa","Pohjanmaa",63.1,21.6167),
(9,"Jakobstad","Pohjanmaa",63.6667,22.7),
(9,"Korsholm","Pohjanmaa",63.1125,21.6778),
(9,"Närpes","Pohjanmaa",62.4736,21.3375),
(9,"Laihia","Pohjanmaa",62.9764,22.0111),
(9,"Nykarleby","Pohjanmaa",63.5167,22.5333),
(9,"Kristinestad","Pohjanmaa",62.2736,21.3778),
(9,"Vörå","Pohjanmaa",63.1333,22.25),
(9,"Kronoby","Pohjanmaa",63.725,23.0333),
(9,"Malax","Pohjanmaa",62.9417,21.55),
(9,"Larsmo","Pohjanmaa",63.75,22.8),
(9,"Isokyrö","Pohjanmaa",63,22.3167),
(9,"Korsnäs","Pohjanmaa",62.7833,21.1833),
(9,"Kaskinen","Pohjanmaa",62.3847,21.2222),
(9,"Bennäs","Pohjanmaa",63.6,22.7917),
(10,"Tampere","Pirkanmaa",61.4981,23.7608),
(10,"Nokia","Pirkanmaa",61.4767,23.5053),
(10,"Ylöjärvi","Pirkanmaa",61.55,23.5833),
(10,"Kangasala","Pirkanmaa",61.4639,24.065),
(10,"Sastamala","Pirkanmaa",61.3417,22.9083),
(10,"Lempäälä","Pirkanmaa",61.3139,23.7528),
(10,"Valkeakoski","Pirkanmaa",61.2667,24.0306),
(10,"Pirkkala","Pirkanmaa",61.4667,23.65),
(10,"Toijala","Pirkanmaa",61.1667,23.8681),
(10,"Hämeenkyrö","Pirkanmaa",61.6333,23.2),
(10,"Orivesi","Pirkanmaa",61.6778,24.3569),
(10,"Ikaalinen","Pirkanmaa",61.7694,23.0681),
(10,"Mänttä","Pirkanmaa",62.0292,24.6236),
(10,"Virrat","Pirkanmaa",62.2403,23.7708),
(10,"Parkano","Pirkanmaa",62.0097,23.025),
(10,"Pälkäne","Pirkanmaa",61.3389,24.2681),
(10,"Urjala","Pirkanmaa",61.0833,23.55),
(10,"Ruovesi","Pirkanmaa",61.9833,24.0833),
(10,"Vesilahti","Pirkanmaa",61.3167,23.6167),
(10,"Punkalaidun","Pirkanmaa",61.1117,23.105),
(10,"Kihniö","Pirkanmaa",62.2083,23.1792),
(10,"Korkeakoski","Pirkanmaa",61.8,24.3667),
(11,"Rovaniemi","Lappi",66.5028,25.7285),
(11,"Tornio","Lappi",65.8497,24.1441),
(11,"Kemi","Lappi",65.7336,24.5634),
(11,"Sodankylä","Lappi",67.4149,26.5907),
(11,"Keminmaa","Lappi",65.799,24.5426),
(11,"Kemijärvi","Lappi",66.715,27.4306),
(11,"Inari","Lappi",68.9055,27.0176),
(11,"Kittilä","Lappi",67.6531,24.9114),
(11,"Ylitornio","Lappi",66.3167,23.6667),
(11,"Ranua","Lappi",65.9275,26.5184),
(11,"Salla","Lappi",66.8333,28.6667),
(11,"Pello","Lappi",66.7756,23.9635),
(11,"Posio","Lappi",66.1097,28.1739),
(11,"Simo","Lappi",65.6613,25.0623),
(11,"Tervola","Lappi",66.0821,24.808),
(11,"Muonio","Lappi",67.9593,23.6772),
(11,"Enontekiö","Lappi",68.3847,23.6389),
(11,"Utsjoki","Lappi",69.9078,27.0265),
(11,"Savukoski","Lappi",67.2917,28.1667),
(11,"Pelkosenniemi","Lappi",67.1083,27.5167),
(11,"Kolari","Lappi",67.3317,23.7913),
(11,"Ivalo","Lappi",68.6565,27.5404),
(12,"Kouvola","Kymenlaakso",60.8681,26.7042),
(12,"Kotka","Kymenlaakso",60.4667,26.9458),
(12,"Hamina","Kymenlaakso",60.5697,27.1981),
(12,"Virolahti","Kymenlaakso",60.5833,27.7),
(12,"Miehikkälä","Kymenlaakso",60.6708,27.7),
(12,"Siltakylä","Kymenlaakso",60.4958,26.7097),
(12,"Kausala","Kymenlaakso",60.8928,26.3394),
(13,"Jyväskylä","Keski-Suomi",62.2333,25.7333),
(13,"Jyväskylän Maalaiskunta","Keski-Suomi",62.2889,25.7417),
(13,"Jämsä","Keski-Suomi",61.8639,25.1903),
(13,"Äänekoski","Keski-Suomi",62.6042,25.7264),
(13,"Laukaa","Keski-Suomi",62.4167,25.95),
(13,"Keuruu","Keski-Suomi",62.2597,24.7069),
(13,"Saarijärvi","Keski-Suomi",62.7056,25.2569),
(13,"Muurame","Keski-Suomi",62.1292,25.6722),
(13,"Viitasaari","Keski-Suomi",63.075,25.8597),
(13,"Hankasalmi","Keski-Suomi",62.3889,26.4361),
(13,"Joutsa","Keski-Suomi",61.7417,26.1153),
(13,"Karstula","Keski-Suomi",62.875,24.8),
(13,"Pihtipudas","Keski-Suomi",63.3667,25.575),
(13,"Petäjävesi","Keski-Suomi",62.25,25.1833),
(13,"Uurainen","Keski-Suomi",62.5,25.4367),
(13,"Konnevesi","Keski-Suomi",62.6283,26.2833),
(13,"Toivakka","Keski-Suomi",62.1,26.0833),
(13,"Kuhmoinen","Keski-Suomi",61.5667,25.1833),
(13,"Kinnula","Keski-Suomi",63.3667,24.9667),
(13,"Multia","Keski-Suomi",62.4083,24.795),
(13,"Kannonkoski","Keski-Suomi",62.975,25.2667),
(13,"Kyyjärvi","Keski-Suomi",63.0431,24.5639),
(13,"Kivijärvi","Keski-Suomi",63.12,25.075),
(13,"Luhanka","Keski-Suomi",61.8,25.7),
(14,"Kokkola","Keski-Pohjanmaa",63.8376,23.132),
(14,"Kannus","Keski-Pohjanmaa",63.9017,23.9151),
(14,"Toholampi","Keski-Pohjanmaa",63.775,24.25),
(14,"Veteli","Keski-Pohjanmaa",63.4753,23.7886),
(14,"Perho","Keski-Pohjanmaa",63.2167,24.4167),
(14,"Halsua","Keski-Pohjanmaa",63.4633,24.1667),
(14,"Lestijärvi","Keski-Pohjanmaa",63.525,24.6653),
(14,"Kaustinen","Keski-Pohjanmaa",63.5481,23.6999),
(15,"Hämeenlinna","Kanta-Häme",61,24.4414),
(15,"Riihimäki","Kanta-Häme",60.7333,24.7667),
(15,"Forssa","Kanta-Häme",60.8167,23.6167),
(15,"Loppi","Kanta-Häme",60.7181,24.4417),
(15,"Tammela","Kanta-Häme",60.8,23.7667),
(15,"Jokioinen","Kanta-Häme",60.8042,23.4861),
(15,"Ypäjä","Kanta-Häme",60.8083,23.2833),
(15,"Humppila","Kanta-Häme",60.925,23.3667),
(15,"Turenki","Kanta-Häme",60.9167,24.6333),
(15,"Parola","Kanta-Häme",61.05,24.3667),
(15,"Oitti","Kanta-Häme",60.7833,25.0333),
(16,"Kajaani","Kainuu",64.225,27.7333),
(16,"Sotkamo","Kainuu",64.1333,28.3833),
(16,"Kuhmo","Kainuu",64.125,29.5167),
(16,"Suomussalmi","Kainuu",64.8833,28.9167),
(16,"Paltamo","Kainuu",64.4083,27.8417),
(16,"Vaala","Kainuu",64.55,26.8333),
(16,"Puolanka","Kainuu",64.8681,27.6708),
(16,"Hyrynsalmi","Kainuu",64.675,28.4917),
(16,"Ristijärvi","Kainuu",64.5056,28.2139),
(17,"Mikkeli","Etelä-Savo",61.6875,27.2736),
(17,"Savonlinna","Etelä-Savo",61.8667,28.8831),
(17,"Pieksämäki","Etelä-Savo",62.3,27.1583),
(17,"Juva","Etelä-Savo",61.8972,27.8569),
(17,"Mäntyharju","Etelä-Savo",61.4181,26.8792),
(17,"Kangasniemi","Etelä-Savo",61.99,26.6417),
(17,"Joroinen","Etelä-Savo",62.1792,27.8278),
(17,"Rantasalmi","Etelä-Savo",62.0667,28.3),
(17,"Heinävesi","Etelä-Savo",62.425,28.6333),
(17,"Sulkava","Etelä-Savo",61.7875,28.3708),
(17,"Hirvensalmi","Etelä-Savo",61.6389,26.7806),
(17,"Puumala","Etelä-Savo",61.525,28.1833),
(17,"Pertunmaa","Etelä-Savo",61.5028,26.4792),
(17,"Enonkoski","Etelä-Savo",62.0889,28.9333),
(17,"Polvijärvi","Etelä-Savo",62.4167,28.3333),
(18,"Seinäjoki","Etelä-Pohjanmaa",62.7903,22.8403),
(18,"Kurikka","Etelä-Pohjanmaa",62.6167,22.4),
(18,"Kauhava","Etelä-Pohjanmaa",63.1014,23.0639),
(18,"Lapua","Etelä-Pohjanmaa",62.9708,23.0069),
(18,"Kauhajoki","Etelä-Pohjanmaa",62.4319,22.1794),
(18,"Ilmajoki","Etelä-Pohjanmaa",62.7333,22.5833),
(18,"Alavus","Etelä-Pohjanmaa",62.5861,23.6194),
(18,"Alajärvi","Etelä-Pohjanmaa",63,23.8167),
(18,"Jalasjärvi","Etelä-Pohjanmaa",62.4917,22.7667),
(18,"Ähtäri","Etelä-Pohjanmaa",62.55,24.0694),
(18,"Teuva","Etelä-Pohjanmaa",62.4861,21.7472),
(18,"Kuortane","Etelä-Pohjanmaa",62.8083,23.5083),
(18,"Lappajärvi","Etelä-Pohjanmaa",63.2167,23.6333),
(18,"Vimpeli","Etelä-Pohjanmaa",63.1617,23.8167),
(18,"Evijärvi","Etelä-Pohjanmaa",63.3667,23.475),
(18,"Soini","Etelä-Pohjanmaa",62.875,24.2083),
(18,"Isojoki","Etelä-Pohjanmaa",62.1139,21.9583),
(18,"Karijoki","Etelä-Pohjanmaa",62.3083,21.7083),
(19,"Lappeenranta","Etelä-Karjala",61.0583,28.1861),
(19,"Imatra","Etelä-Karjala",61.1931,28.7764),
(19,"Ruokolahti","Etelä-Karjala",61.2917,28.8167),
(19,"Parikkala","Etelä-Karjala",61.55,29.5),
(19,"Taipalsaari","Etelä-Karjala",61.1597,28.0597),
(19,"Savitaipale","Etelä-Karjala",61.2,27.6833),
(19,"Lemi","Etelä-Karjala",61.0611,27.8042),
(19,"Simpele","Etelä-Karjala",61.4333,29.367),
(19,"Taavetti","Etelä-Karjala",60.9167,27.5667);

# Select all from city
SELECT * FROM city;

# Select all from city + region tables 
SELECT * FROM city;
SELECT c.* 
FROM
   city AS c
   INNER JOIN region AS r ON c.regionId=r.regionId;

# Select a specific city with region attributes
SELECT c.* 
FROM
   city AS c
   INNER JOIN region AS r ON c.cityId=r.regionId
WHERE c.cityId=15 ;

# Select all cities from city table for a specific regionID
SELECT c.* 
FROM
   city AS c
   INNER JOIN region AS r ON c.regionId=r.regionId
WHERE r.regionId=1 ;

# ============================================================================================================================================